city,lat,lng,country,iso2,admin_name,capital,population,population_proper
Mumbai,19.0758,72.8775,India,IN,Mahārāshtra,admin,24973000,15414288
Kolkāta,22.5675,88.3700,India,IN,West Bengal,admin,21747000,4496694
Delhi,28.6600,77.2300,India,IN,Delhi,admin,16349831,28514000
Chennai,13.0825,80.2750,India,IN,Tamil Nādu,admin,12395000,6599000
Bangalore,12.9791,77.5913,India,IN,Karnātaka,admin,10456000,12327000
Ahmedabad,23.0219,72.5797,India,IN,Gujarāt,minor,9272670,7645000
Pune,18.5211,73.8553,India,IN,Mahārāshtra,,8231000,6200000
Hyderābād,17.3617,78.4747,India,IN,Telangāna,admin,7677018,9191000
Sūrat,21.2050,72.8400,India,IN,Gujarāt,,6538000,5935000
Prayagraj,25.4500,81.8500,India,IN,Uttar Pradesh,,5954391,5954391
Kanpur,24.2850,72.6933,India,IN,Gujarāt,,5230000,4581268
Kanpur,26.4725,80.3311,India,IN,Uttar Pradesh,,4581268,4581268
Belāhi,25.7167,86.4000,India,IN,Bihār,,4487379,4487379
Vadodara,22.3000,73.2000,India,IN,Gujarāt,,3500000,3100260
Nādampālaiyam,11.1793,77.3760,India,IN,Tamil Nādu,,3458045,3458045
Lucknow,26.8470,80.9470,India,IN,Uttar Pradesh,admin,3382000,3382000
Kannankulam,10.4799,76.1131,India,IN,Kerala,,3243170,3243170
Mahuākherāganj,29.1300,78.9500,India,IN,Uttarākhand,,3198982,3198982
Nagla,29.0100,79.5100,India,IN,Uttarākhand,,3198982,3198982
Jaipur,26.9150,75.8200,India,IN,Rājasthān,admin,3073350,3073350
Kottārasshēri,10.6167,76.5333,India,IN,Kerala,,2952254,2952254
Attadappa,11.8500,75.4167,India,IN,Kerala,,2615266,2615266
Barmhān Kalān,23.0333,79.0167,India,IN,Madhya Pradesh,,2537000,2537000
Gorakhpur,22.1688,81.6042,India,IN,Chhattīsgarh,,2500000,1300000
Nāgpur,21.1497,79.0806,India,IN,Mahārāshtra,,2405665,2405665
Guwāhāti,26.1806,91.7502,India,IN,Assam,,2376654,1116267
Ghāziābād,28.6667,77.4167,India,IN,Uttar Pradesh,,2375820,2375820
Coimbatore,11.0008,76.9633,India,IN,Tamil Nādu,,2136916,959823
Patna,25.6100,85.1414,India,IN,Bihār,admin,2046652,1684222
Rājkot,22.2969,70.7984,India,IN,Gujarāt,,2043000,2043000
Vishākhapatnam,17.6939,83.2922,India,IN,Andhra Pradesh,,2035922,2035922
Indore,22.7186,75.8550,India,IN,Madhya Pradesh,,1994397,1994397
Abhepur,30.6667,76.8333,India,IN,Punjab,,1895686,1895686
Gumānwāla,29.9333,77.9000,India,IN,Uttarākhand,,1890422,1890422
Thāne,19.1800,72.9633,India,IN,Mahārāshtra,,1886941,1886941
Bhopāl,23.2500,77.4167,India,IN,Madhya Pradesh,admin,1798218,1798218
Āgra,27.1800,78.0200,India,IN,Uttar Pradesh,,1760285,1585705
Peyanvilai,8.5674,78.1046,India,IN,Tamil Nādu,,1750176,1750176
Pimpri-Chinchwad,18.6278,73.8131,India,IN,Mahārāshtra,,1729320,1729320
Saundhonwāli,30.3331,77.9608,India,IN,Uttarākhand,,1696694,1696694
Harbatpur,30.4500,77.7300,India,IN,Uttarākhand,,1696694,1696694
Ludhiāna,30.9083,75.8486,India,IN,Punjab,,1618879,1618879
Meerut,28.9800,77.7064,India,IN,Uttar Pradesh,,1571434,1571434
Madurai,9.9197,78.1194,India,IN,Tamil Nādu,minor,1561129,1561129
Nāsik,20.0000,73.7833,India,IN,Mahārāshtra,,1486053,1486053
Farīdābād,28.4167,77.3000,India,IN,Haryāna,,1404653,1404653
Madārpur,26.2270,84.6746,India,IN,Bihār,,1367765,1367765
Najafgarh,28.6125,76.9847,India,IN,Delhi,,1365152,1365152
Jabalpur,23.1667,79.9333,India,IN,Madhya Pradesh,,1267564,1267564
Kamalwaganja Gaur,29.2117,79.4654,India,IN,Uttarākhand,,1260078,1260078
Madanpur,29.3260,79.1537,India,IN,Uttarākhand,,1260078,1260078
Kalyān,19.2500,73.1500,India,IN,Mahārāshtra,,1246381,1246381
Āsansol,23.6833,86.9667,India,IN,West Bengal,,1243414,563917
Vijayavāda,16.5167,80.6167,India,IN,Andhra Pradesh,,1230000,1048240
Vasai-Virar,19.4700,72.8000,India,IN,Mahārāshtra,,1221233,1221233
Vārānasi,25.3189,83.0128,India,IN,Uttar Pradesh,,1198491,1198491
Kalleli,9.2000,76.8833,India,IN,Kerala,,1197412,1197412
Srīnagar,34.0911,74.8061,India,IN,Jammu and Kashmīr,admin,1180570,1180570
Aurangābād,19.8800,75.3200,India,IN,Mahārāshtra,,1175116,1175116
Dhanbād,23.7928,86.4350,India,IN,Jhārkhand,,1162472,1162472
Amritsar,31.6269,74.8770,India,IN,Punjab,,1159227,1159227
Hāora,22.5800,88.3294,India,IN,West Bengal,,1077075,1077075
Rānchi,23.3556,85.3347,India,IN,Jhārkhand,admin,1073440,1073440
Gwalior,26.2125,78.1775,India,IN,Madhya Pradesh,,1069276,1069276
Jodhpur,26.2944,73.0278,India,IN,Rājasthān,,1033918,1033918
Chandīgarh,30.7364,76.7883,India,IN,Chandīgarh,admin,1026459,1055450
Raipur,21.2379,81.6337,India,IN,Chhattīsgarh,admin,1010087,1010087
Warangal,17.9756,79.6011,India,IN,Telangāna,,1005938,704570
Kota,25.1800,75.8300,India,IN,Rājasthān,,1001694,1001694
Trichinopoly,10.8269,78.6928,India,IN,Tamil Nādu,,916857,916857
Gurgaon,28.4667,77.0333,India,IN,Haryāna,,876824,876824
Bhubaneshwar,20.2950,85.8250,India,IN,Odisha,admin,837737,837737
Bhayandar,19.3000,72.8500,India,IN,Mahārāshtra,,814655,814655
Narela,28.8500,77.1000,India,IN,Delhi,,809913,809913
Thiruvananthapuram,8.4875,76.9525,India,IN,Kerala,admin,743691,743691
Dispur,26.1500,91.7700,India,IN,Assam,admin,734577,734577
Sahāranpur,29.9640,77.5460,India,IN,Uttar Pradesh,,705478,705478
Āvadi,13.1147,80.1098,India,IN,Tamil Nādu,,695000,695000
Salem,11.6500,78.1667,India,IN,Tamil Nādu,,693236,693236
Kochi,9.9667,76.2833,India,IN,Kerala,,677381,677381
Guntūr,16.3000,80.4500,India,IN,Andhra Pradesh,,670073,647508
Jamshedpur,22.8000,86.1833,India,IN,Jhārkhand,,629659,1558000
Raurkela,22.2492,84.8828,India,IN,Odisha,,552970,552970
Sūrappattu,13.3359,79.8726,India,IN,Tamil Nādu,,517589,517589
Loni,28.7500,77.2800,India,IN,Uttar Pradesh,,516082,516082
Ulhāsnagar,19.2167,73.1500,India,IN,Mahārāshtra,,506098,506098
Gaya,24.7500,85.0167,India,IN,Bihār,,474093,474093
Ambattūr,13.0983,80.1622,India,IN,Tamil Nādu,,466205,466205
Salt Lake City,22.6100,88.4000,India,IN,West Bengal,,403316,403316
Quilon,8.8853,76.5864,India,IN,Kerala,,397419,397419
Munro Turuttu,8.9884,76.5737,India,IN,Kerala,,397419,397419
Bhātpāra,22.8664,88.4011,India,IN,West Bengal,,386019,386019
Kākināda,16.9333,82.2167,India,IN,Andhra Pradesh,,384182,384182
Pānihāti,22.6900,88.3700,India,IN,West Bengal,,377347,377347
Brahmapur,19.3200,84.7800,India,IN,Odisha,,355823,355823
Rājahmundry,16.9833,81.7833,India,IN,Andhra Pradesh,,341831,341831
Muzaffarpur,26.1200,85.3833,India,IN,Bihār,,333200,333200
Kāmārhāti,22.6700,88.3700,India,IN,West Bengal,,330211,330211
Kulti,23.7300,86.8399,India,IN,West Bengal,,313809,313809
Oulgaret,11.9570,79.7737,India,IN,Tamil Nādu,,300104,300104
Yelahanka,13.1139,77.5983,India,IN,Karnātaka,,300000,300000
Darbhanga,26.1570,85.8995,India,IN,Bihār,,296039,296039
Chunchura,22.8956,88.4025,India,IN,West Bengal,,288090,288090
Imphāl,24.8200,93.9500,India,IN,Manipur,admin,268243,268243
Arrah,25.5631,84.6711,India,IN,Bihār,,261430,261430
Amarnāth,19.2090,73.1860,India,IN,Mahārāshtra,,253475,253475
Begusarai,25.4200,86.1300,India,IN,Bihār,,252008,252008
New Delhi,28.6139,77.2089,India,IN,Delhi,primary,249998,249998
Tiruvottiyūr,13.1667,80.3000,India,IN,Tamil Nādu,,249446,249446
Puducherry,11.9300,79.8300,India,IN,Puducherry,admin,244377,244377
Alleppey,9.4978,76.3286,India,IN,Kerala,,240991,240991
Katihār,25.5385,87.5704,India,IN,Bihār,,240565,240565
Alwāl,17.5030,78.5070,India,IN,Telangāna,,240000,240000
Wāpi,20.3667,72.9000,India,IN,Gujarāt,,230000,230000
Pallāvaram,12.9677,80.1581,India,IN,Tamil Nādu,,215417,215417
Secunderābād,17.4500,78.5000,India,IN,Telangāna,,213698,213698
Chāpra,25.7808,84.7308,India,IN,Bihār,,212955,201597
Kharagpur,22.3302,87.3237,India,IN,West Bengal,,207604,207604
Shimla,31.1033,77.1722,India,IN,Himāchal Pradesh,admin,206575,206575
Nāngloi Jāt,28.6833,77.0667,India,IN,Delhi,,205596,205596
Puri,19.8000,85.8167,India,IN,Odisha,,201026,201026
Baharampur,24.1000,88.2500,India,IN,West Bengal,,195223,195223
Murtazābād,28.7111,77.2688,India,IN,Uttar Pradesh,,189117,189117
Ittikara,8.8633,76.6972,India,IN,Kerala,,185008,185008
Dinapore,25.6333,85.0500,India,IN,Bihār,,182241,182241
Tambaram,12.8310,80.0459,India,IN,Tamil Nādu,,182071,182071
Shrīrāmpur,22.7500,88.3400,India,IN,West Bengal,,181842,181842
Hugli,22.9089,88.3967,India,IN,West Bengal,,179931,179931
Vypīn,9.9833,76.2417,India,IN,Kerala,,176567,176567
Mauli,30.7194,76.7181,India,IN,Punjab,,176152,146213
Chandannagar,22.8671,88.3674,India,IN,West Bengal,,166867,166867
Sultānpur Mazra,28.6906,77.0778,India,IN,Delhi,,163716,163716
Krishnanagar,23.4000,88.5000,India,IN,West Bengal,,153062,153062
Bārākpur,22.7642,88.3776,India,IN,West Bengal,,152783,152783
Bhālswa Jahangirpur,28.7354,77.1638,India,IN,Delhi,,151427,151427
Hājīpur,25.6800,85.2200,India,IN,Bihār,,147688,147688
Shillong,25.5744,91.8789,India,IN,Meghālaya,admin,143229,143229
Malkājgiri,17.4483,78.5292,India,IN,Telangāna,,141175,141175
Dehri,24.8700,84.1800,India,IN,Bihār,,137231,137231
Dalūpura,28.6067,77.3189,India,IN,Delhi,,132628,132628
Mandoli,28.7075,77.3003,India,IN,Delhi,,120417,120417
Balasore,21.5033,86.9250,India,IN,Odisha,,118162,118162
Baripāda,21.9350,86.7214,India,IN,Odisha,,116874,116874
Titāgarh,22.7400,88.3700,India,IN,West Bengal,,116541,116541
Dam Dam,22.6370,88.4121,India,IN,West Bengal,,114786,114786
Kaliānpur,26.5191,80.2498,India,IN,Uttar Pradesh,,112014,112014
Delhi Cantonment,28.5903,77.1319,India,IN,Delhi,,110351,110351
Khardah,22.7200,88.3800,India,IN,West Bengal,,108496,108496
Sītāmarhi,26.6000,85.4800,India,IN,Bihār,,106093,106093
Jamālpur,25.3000,86.5000,India,IN,Bihār,,105221,105221
Bānsbāria,22.9700,88.4000,India,IN,West Bengal,,103920,103920
Dhuliān,24.6800,87.9700,India,IN,West Bengal,,95706,95706
Tripunittura,9.9487,76.3464,India,IN,Kerala,,92521,92521
Brājarājnagar,21.8200,83.9200,India,IN,Odisha,,80403,80403
Baj Baj,22.4737,88.1739,India,IN,West Bengal,,76837,76837
Kalamasseri,10.0614,76.3263,India,IN,Kerala,,70776,70776
Siuri,23.9167,87.5333,India,IN,West Bengal,,67864,67864
Tamlūk,22.3000,87.9167,India,IN,West Bengal,,65306,65306
Poonamallee,13.0465,80.1100,India,IN,Tamil Nādu,,56237,56237
Nerkunram,13.0619,80.2094,India,IN,Tamil Nādu,,52570,52570
Tirupparangunram,9.8815,78.0731,India,IN,Tamil Nādu,,51543,51543
Damān,20.4169,72.8340,India,IN,Dādra and Nagar Haveli and Damān and Diu,admin,44282,44282
Diamond Harbour,22.1927,88.1895,India,IN,West Bengal,,41802,41802
Kendrāparha,20.5000,86.4167,India,IN,Odisha,,41404,41404
Mayyanād,8.8389,76.6467,India,IN,Kerala,,40039,40039
Pujali,22.4601,88.1340,India,IN,West Bengal,,37047,37047
Perunād,8.9563,76.6400,India,IN,Kerala,,35173,35173
Khagaul,25.5800,85.0500,India,IN,Bihār,,34364,34364
Edappalli,9.8167,76.3000,India,IN,Kerala,,33829,33829
Mannanchōri,9.5764,76.3481,India,IN,Kerala,,32139,32139
Dharampur,28.6000,76.9900,India,IN,Haryāna,,30856,30856
Sānkrāil,22.5700,88.2400,India,IN,West Bengal,,29114,29114
Kantai,26.2142,85.2975,India,IN,Bihār,,27549,27549
Nāsriganj,25.0500,84.3333,India,IN,Bihār,,27490,27490
Elangunnapuzha,10.0167,76.2167,India,IN,Kerala,,26997,26997
Dalsingh Sarai,25.6680,85.8364,India,IN,Bihār,,26658,26658
Pānchla,22.5400,88.1400,India,IN,West Bengal,,26432,26432
Vayakkalattu,8.5285,77.1035,India,IN,Kerala,,26384,26384
Koelwār,25.5805,84.7975,India,IN,Bihār,,26304,26304
Bāruni,25.4751,85.9681,India,IN,Bihār,,26117,26117
Kola,22.4300,87.8700,India,IN,West Bengal,,25191,25191
Sāhibpur Kamāl,25.4167,86.3901,India,IN,Bihār,,25128,25128
Ayirūrpāra,8.5030,76.9522,India,IN,Kerala,,25000,25000
Edavanakad,10.0150,76.2200,India,IN,Kerala,,24856,24856
Mahārājgani,26.1075,84.5025,India,IN,Bihār,,24282,24282
Madangir,28.5700,77.2300,India,IN,Delhi,,23448,23448
Madappalli,9.0833,76.5333,India,IN,Kerala,,23341,23341
Mūlampilli,10.1083,76.4167,India,IN,Kerala,,23272,23272
Peringuzha,9.9667,76.4167,India,IN,Kerala,,22378,22378
Pāmpur,34.0200,74.9300,India,IN,Jammu and Kashmīr,,21680,21680
Kānke,23.4348,85.3206,India,IN,Jhārkhand,,21650,21650
Rāja Pākar,25.7350,85.3376,India,IN,Bihār,,21644,21644
Palliman,8.9000,76.7139,India,IN,Kerala,,20677,20677
Kandakkadava,9.7000,76.3000,India,IN,Kerala,,20487,20487
Sohāna,30.6833,76.7000,India,IN,Punjab,,20000,20000
Khizrpur,30.5843,76.7572,India,IN,Punjab,,19817,19817
Anghad,22.3913,72.9946,India,IN,Gujarāt,,19805,19805
Oruvadālkotta,8.4778,77.1347,India,IN,Kerala,,19345,19345
Dumra,26.5671,85.5204,India,IN,Bihār,,19186,19186
Perunturuttu,9.6333,76.5667,India,IN,Kerala,,18691,18691
Dumjor,22.6400,88.2200,India,IN,West Bengal,,18433,18433
Mannara,8.5614,77.1263,India,IN,Kerala,,18343,18343
Ulao,25.4165,86.0936,India,IN,Bihār,,18020,18020
Vandalūr,12.8924,80.0808,India,IN,Tamil Nādu,,17655,17655
Lakhnaur,26.2020,86.3090,India,IN,Bihār,,17442,17442
Cherakara,8.9000,76.5833,India,IN,Kerala,,17342,17342
Usmānpur,24.7367,87.8676,India,IN,Jhārkhand,,17085,17085
Khusropur,25.4817,85.3849,India,IN,Bihār,,16109,16109
Valavakāttumūla,9.9800,76.5200,India,IN,Kerala,,15966,15966
Tillor Khurd,22.6170,75.9480,India,IN,Madhya Pradesh,,15000,15000
Garhpura,25.6638,86.1818,India,IN,Bihār,,14741,14741
Tonakkal,8.6312,76.9555,India,IN,Kerala,,13567,13567
Jamira,25.5535,84.7063,India,IN,Bihār,,13469,13469
Dundigal,17.5781,78.4288,India,IN,Telangāna,,13465,13465
Ayodhyāpattanam,11.6755,78.2409,India,IN,Tamil Nādu,,13122,13122
Neykkārappatti,11.6225,78.1058,India,IN,Tamil Nādu,,13027,13027
Bandlagūda,17.3543,78.3853,India,IN,Telangāna,,12734,12734
Bakhtāwarpur,28.8233,77.1717,India,IN,Delhi,,12716,12716
Desri,25.6691,85.4082,India,IN,Bihār,,12324,12324
Mugalivakkam,13.0205,80.1653,India,IN,Tamil Nādu,,12083,12083
Khānpur,25.8572,85.9330,India,IN,Bihār,,12066,12066
Perumbakkam,13.0133,80.1430,India,IN,Tamil Nādu,,11551,11551
Pākkam,13.1436,80.0280,India,IN,Tamil Nādu,,11509,11509
Manappakkam,13.0108,80.1686,India,IN,Tamil Nādu,,11358,11358
Akola,27.0655,77.8808,India,IN,Uttar Pradesh,,11351,11351
Chhabila,26.2477,85.9927,India,IN,Bihār,,11054,11054
Bāgnān,22.4700,87.9700,India,IN,West Bengal,,10996,10996
Nao Kothi,25.5196,86.1954,India,IN,Bihār,,10946,10946
Nīrkunnam,9.3500,76.5167,India,IN,Kerala,,10770,10770
Panamarattuppatti,11.5620,78.1649,India,IN,Tamil Nādu,,10725,10725
Begampur,22.7400,88.2400,India,IN,West Bengal,,10487,10487
Nipania,21.8500,82.0333,India,IN,Bihār,,10000,10000
Bhawānīpur,26.2385,86.0995,India,IN,Bihār,,9971,9971
Perumbalam,9.8462,76.3591,India,IN,Kerala,,9733,9733
Masar,25.5577,84.5767,India,IN,Bihār,,9613,9613
Kondaparti,17.9219,79.5373,India,IN,Telangāna,,9551,9551
Hesarghatta,13.1391,77.4783,India,IN,Karnātaka,,9485,9485
Māmidipalli,17.2516,78.4521,India,IN,Telangāna,,9236,9236
Bommayapālaiyam,11.9922,79.8499,India,IN,Tamil Nādu,,8796,8796
Kampel,22.6167,76.0500,India,IN,Madhya Pradesh,,8780,8780
Mahadipur,24.8566,88.1248,India,IN,West Bengal,,8638,8638
Gundūr,10.7339,78.7184,India,IN,Tamil Nādu,,8587,8587
Pachrukhi,26.1593,84.4087,India,IN,Bihār,,8508,8508
Mannivakkam,12.8884,80.0641,India,IN,Tamil Nādu,,8424,8424
Palāsgāchi,24.9833,87.9000,India,IN,West Bengal,,8303,8303
Singhaul,25.4375,86.1000,India,IN,Bihār,,8286,8286
Raghunandanpur,24.4680,88.0540,India,IN,West Bengal,,8005,8005
Harilādih,23.7333,86.4000,India,IN,Jhārkhand,,7917,7917
Pahleza,24.9378,84.1467,India,IN,Bihār,,7888,7888
Mādnāikanhalli,13.0626,77.4642,India,IN,Karnātaka,,7805,7805
Bhabāt,30.6580,76.8065,India,IN,Punjab,,7743,7743
Pithauriā,23.5180,85.2918,India,IN,Jhārkhand,,7674,7674
Hilora,24.5055,87.9661,India,IN,West Bengal,,7667,7667
Mevalūrkuppam,13.0320,79.9995,India,IN,Tamil Nādu,,7653,7653
Bāgalūr,13.1328,77.6685,India,IN,Karnātaka,,7519,7519
Pālavedu,13.1547,80.0694,India,IN,Tamil Nādu,,7467,7467
Kismatpur,17.3333,78.4000,India,IN,Telangāna,,7288,7288
Kādiganahalli,13.1687,77.6283,India,IN,Karnātaka,,7225,7225
Ballālpur,24.7386,87.9083,India,IN,West Bengal,,7217,7217
Narpatnagar,26.1987,86.0426,India,IN,Bihār,,7186,7186
Dhanas,30.7688,76.7541,India,IN,Chandīgarh,,7094,7094
Jājigrām,24.4724,87.9589,India,IN,West Bengal,,6977,6977
Imamnagar,24.7450,87.9247,India,IN,West Bengal,,6933,6933
Mogalcherla,18.0093,79.6613,India,IN,Telangāna,,6922,6922
Vīrapāndi,11.5757,78.0729,India,IN,Tamil Nādu,,6862,6862
Sahdai Buzurg,25.6622,85.4597,India,IN,Bihār,,6823,6823
Valasaiyūr,11.7044,78.2513,India,IN,Tamil Nādu,,6565,6565
Jogta,25.4884,84.7055,India,IN,Bihār,,6498,6498
Shivni,22.6710,76.1391,India,IN,Madhya Pradesh,,6432,6432
Daryāpur Kalān,28.7614,76.9842,India,IN,Delhi,,6310,6310
Sakhara,24.9091,84.1584,India,IN,Bihār,,6256,6256
Hasanpur,25.7079,86.1920,India,IN,Bihār,,6177,6177
Dīgnagar,23.3283,88.4469,India,IN,West Bengal,,6023,6023
Gangauli,24.9361,84.1728,India,IN,Bihār,,5943,5943
Giddha,25.5880,84.7472,India,IN,Bihār,,5728,5728
Valaiyankulam,9.8082,78.0940,India,IN,Tamil Nādu,,5712,5712
Muria,26.2028,86.0083,India,IN,Bihār,,5594,5594
Pīpalda,22.5973,76.0415,India,IN,Madhya Pradesh,,5579,5579
Sītānagaram,16.2403,80.5817,India,IN,Andhra Pradesh,,5447,5447
Kūttambākkam,13.0569,80.0275,India,IN,Tamil Nādu,,5217,5217
Kambarasampettai,10.8496,78.6754,India,IN,Tamil Nādu,,5178,5178
Sukkainpatti,11.7156,78.2626,India,IN,Tamil Nādu,,5138,5138
Bayandhalli,12.9779,77.5688,India,IN,Karnātaka,,5118,5118
Bahlolpur,30.7590,76.7034,India,IN,Chandīgarh,,4993,4993
Sondekoppa,13.0000,77.3667,India,IN,Karnātaka,,4866,4866
Manauli,30.6444,76.7217,India,IN,Punjab,,4843,4843
Parappatti,11.5853,78.1281,India,IN,Tamil Nādu,,4837,4837
Vellānūr,13.1500,80.1000,India,IN,Tamil Nādu,,4825,4825
Sursi,22.3888,72.8130,India,IN,Gujarāt,,4771,4771
Babura,25.0851,87.1092,India,IN,Bihār,,4755,4755
Pātacudapah,14.4986,78.8335,India,IN,Andhra Pradesh,,4730,4730
Mādavar,13.0525,77.4732,India,IN,Karnātaka,,4678,4678
Kadabgeri,12.9965,77.4331,India,IN,Karnātaka,,4573,4573
Keshopur,25.5148,84.6700,India,IN,Bihār,,4559,4559
Basavanhalli,13.1104,77.3877,India,IN,Karnātaka,,4510,4510
Putlampalle,14.4522,78.8511,India,IN,Andhra Pradesh,,4490,4490
Manchirevula,17.3833,78.3500,India,IN,Telangāna,,4459,4459
Tippampatti,11.5680,78.2014,India,IN,Tamil Nādu,,4411,4411
Nanmangalam,12.9381,80.1753,India,IN,Tamil Nādu,,4386,4386
Tildānga,24.7893,87.8765,India,IN,West Bengal,,4378,4378
Togān,30.7699,76.7336,India,IN,Chandīgarh,,4197,4197
Ambāpuram,16.5990,80.8949,India,IN,Andhra Pradesh,,4110,4110
Gobardhanpur,24.9493,84.1603,India,IN,Bihār,,4080,4080
Kair,28.6158,76.9100,India,IN,Delhi,,4074,4074
Pallippatti,11.7011,78.2428,India,IN,Tamil Nādu,,4066,4066
Kumbalam,8.9920,76.6621,India,IN,Kerala,,4000,4000
Sonnappanhalli,13.1557,77.6179,India,IN,Karnātaka,,3996,3996
Chanditala,22.6909,88.2662,India,IN,West Bengal,,3984,3984
Agaram,13.0397,80.0808,India,IN,Tamil Nādu,,3949,3949
Pātapādu,16.5781,80.6652,India,IN,Andhra Pradesh,,3933,3933
Andauli,26.0846,86.2105,India,IN,Bihār,,3894,3894
Pallappatti,11.6604,78.1369,India,IN,Tamil Nādu,,3879,3879
Baniara,22.6008,88.2121,India,IN,West Bengal,,3834,3834
Doddajīvanhalli,13.0086,77.6143,India,IN,Karnātaka,,3792,3792
Kolapakkam,12.9142,80.2294,India,IN,Tamil Nādu,,3729,3729
Permi,22.6204,76.1126,India,IN,Madhya Pradesh,,3697,3697
Kūllampatti,11.6922,78.2600,India,IN,Tamil Nādu,,3632,3632
Gorwa,22.5066,72.9155,India,IN,Gujarāt,,3569,3569
Diālpura,30.6395,76.7867,India,IN,Punjab,,3556,3556
Kasiām,26.1862,86.3110,India,IN,Bihār,,3480,3480
Takkolu,14.4855,78.8797,India,IN,Andhra Pradesh,,3465,3465
Panaiyūr,9.8762,78.1564,India,IN,Tamil Nādu,,3454,3454
Bhainsaha,24.8951,84.1557,India,IN,Bihār,,3454,3454
Deuriya,24.9530,84.1401,India,IN,Bihār,,3439,3439
Solankuruni,9.8067,78.1198,India,IN,Tamil Nādu,,3422,3422
Mamnoli,19.2404,73.0450,India,IN,Mahārāshtra,,3421,3421
Jālādipur,24.6356,87.9902,India,IN,West Bengal,,3319,3319
Berkap,24.9444,84.2143,India,IN,Bihār,,3272,3272
Wattināgulapalli,17.4179,78.2930,India,IN,Telangāna,,3245,3245
Himāyatsāgar,17.3399,78.3631,India,IN,Telangāna,,3244,3244
Huttanhalli,13.1651,77.6512,India,IN,Karnātaka,,3240,3240
Suara,25.0361,84.2620,India,IN,Bihār,,3234,3234
Dahāur,24.9146,84.1360,India,IN,Bihār,,3186,3186
Katār,24.8818,84.1511,India,IN,Bihār,,3149,3149
Sotur,34.0403,75.0738,India,IN,Jammu and Kashmīr,,3115,3115
Vājarhalli,13.1022,77.4111,India,IN,Karnātaka,,3009,3009
Cāchohalli,13.0010,77.4717,India,IN,Karnātaka,,2946,2946
Kasgatpur,13.1101,77.5045,India,IN,Karnātaka,,2852,2852
Rānipur,24.7442,87.8686,India,IN,West Bengal,,2844,2844
Bhagwānpur,25.8601,85.2997,India,IN,Bihār,,2840,2840
Gāgilāpur,17.6000,78.4000,India,IN,Telangāna,,2832,2832
Kitanelli,13.0095,77.4191,India,IN,Karnātaka,,2827,2827
Bartala,24.7082,87.9555,India,IN,West Bengal,,2814,2814
Tendua Dusādhi,24.9427,84.1299,India,IN,Bihār,,2770,2770
Sikdārpur,24.6463,87.9781,India,IN,West Bengal,,2691,2691
Dhurali,30.6432,76.7032,India,IN,Punjab,,2691,2691
Chinnanūr,11.6875,78.2262,India,IN,Tamil Nādu,,2688,2688
Bendravādi,12.3636,76.9137,India,IN,Karnātaka,,2684,2684
Nedumadurai,9.7959,78.0867,India,IN,Tamil Nādu,,2593,2593
Kodagihalli,12.9771,77.4651,India,IN,Karnātaka,,2585,2585
Mota Mazra,30.6214,76.7250,India,IN,Punjab,,2563,2563
Mailanhalli,13.1863,77.6963,India,IN,Karnātaka,,2543,2543
Bhagwatpur Patera,25.8580,85.2960,India,IN,Bihār,,2508,2508
Jotsema,25.6736,94.0625,India,IN,Nāgāland,,2458,2458
